steel,fairy
flying,steel
dragon,steel
ghost,steel
water,steel
normal,ghost
ghost,dark
fighting,steel
ground,steel
bug,steel
poison,steel
normal,steel
poison,dark
electric,steel
ghost,fairy
fire,steel
grass,steel
psychic,steel
electric,flying
electric,ghost
dark,steel
electric,fairy
water,ghost
water,poison
poison,fairy
normal,fairy
water,fairy
normal,poison
fire,ghost
fire,fairy
water,electric
poison,ghost
dragon,fairy
normal,electric
dark,fairy
fire,water
poison,flying
normal,flying
ground,fairy
water,dragon
ghost,dragon
normal,water
electric,poison
fire,dark
fire,dragon
electric,bug
normal,fire
water,ground
fighting,ghost
poison,dragon
flying,ghost
poison,ground
ground,ghost
fire,ground
water,bug
ground,flying
normal,psychic
electric,dark
water,flying
flying,fairy
fire,flying
flying,dark
electric,fighting
fire,electric
poison,psychic
psychic,fairy
electric,dragon
fire,fighting
fire,grass
normal,ground
bug,ghost
normal,bug
grass,ghost
electric,ground
water,dark
poison,bug
normal,dragon
water,grass
fire,poison
grass,poison
bug,fairy
ice,ghost
water,fighting
rock,steel
fighting,fairy
electric,psychic
flying,rock
normal,fighting
fire,psychic
ground,bug
fighting,poison
ice,steel
fighting,flying
rock,ghost
fire,bug
electric,grass
bug,dark
water,psychic
ground,dark
bug,dragon
flying,dragon
fighting,dark
ground,dragon
rock,fairy
ice,poison
poison,rock
psychic,ghost
dragon,dark
grass,fairy
psychic,dragon
water,rock
electric,rock
fighting,dragon
fighting,bug
fire,rock