steel,fairy,13.25
flying,steel,13.5
dragon,steel,14.25
ghost,steel,14.25
water,steel,14.5
normal,ghost,15.0
ghost,dark,15.5
fighting,steel,15.5
ground,steel,15.75
bug,steel,15.75
poison,steel,15.75
normal,steel,16.0
poison,dark,16.0
electric,steel,16.0
ghost,fairy,16.25
fire,steel,16.25
grass,steel,16.25
psychic,steel,16.25
electric,flying,16.5
electric,ghost,16.5
dark,steel,16.5
electric,fairy,16.5
water,ghost,17.0
water,poison,17.0
poison,fairy,17.0
normal,fairy,17.0
water,fairy,17.0
normal,poison,17.0
fire,ghost,17.25
fire,fairy,17.25
water,electric,17.25
poison,ghost,17.5
dragon,fairy,17.5
normal,electric,17.5
dark,fairy,17.75
fire,water,17.75
poison,flying,17.75
normal,flying,18.0
ground,fairy,18.0
water,dragon,18.0
ghost,dragon,18.0
normal,water,18.0
electric,poison,18.0
fire,dark,18.0
fire,dragon,18.0
electric,bug,18.0
normal,fire,18.0
water,ground,18.0
fighting,ghost,18.25
poison,dragon,18.25
flying,ghost,18.25
poison,ground,18.25
ground,ghost,18.25
fire,ground,18.5
water,bug,18.5
ground,flying,18.5
normal,psychic,18.5
electric,dark,18.5
water,flying,18.5
flying,fairy,18.5
fire,flying,18.5
flying,dark,18.5
electric,fighting,18.5
fire,electric,18.75
poison,psychic,18.75
psychic,fairy,18.75
electric,dragon,18.75
fire,fighting,18.75
fire,grass,18.75
normal,ground,19.0
bug,ghost,19.0
normal,bug,19.0
grass,ghost,19.0
electric,ground,19.0
water,dark,19.0
poison,bug,19.0
normal,dragon,19.0
water,grass,19.25
fire,poison,19.25
grass,poison,19.25
bug,fairy,19.25
ice,ghost,19.5
water,fighting,19.5
rock,steel,19.5
fighting,fairy,19.5
electric,psychic,19.5
flying,rock,19.5
normal,fighting,19.5
fire,psychic,19.5
ground,bug,19.5
fighting,poison,19.75
ice,steel,19.75
fighting,flying,19.75
rock,ghost,19.75
fire,bug,19.75
electric,grass,19.75
bug,dark,20.0
water,psychic,20.0
bug,rock,20.0
ground,dark,20.0
fighting,psychic,20.0
bug,dragon,20.25
flying,psychic,20.25
flying,dragon,20.25
fighting,dark,20.25
ground,dragon,20.5
rock,fairy,20.5
electric,ice,20.5
ice,poison,20.5
normal,dark,20.5
poison,rock,20.75
water,ice,20.75
fighting,ground,20.75
grass,rock,21.0
psychic,dark,21.0
psychic,ghost,21.0
dragon,dark,21.0
grass,fairy,21.0
psychic,dragon,21.0
ground,psychic,21.0
normal,grass,21.0
water,rock,21.25
electric,rock,21.25
rock,dragon,21.25
ice,fairy,21.5
ice,ground,21.5
fighting,dragon,21.5
ice,dragon,21.5
fighting,bug,21.5
psychic,bug,21.75
fire,ice,21.75
fighting,rock,22.0
grass,ground,22.0
normal,rock,22.0
flying,bug,22.0
ice,flying,22.0
fire,rock,22.25
grass,flying,22.25
ice,fighting,22.5
psychic,rock,22.5
normal,ice,22.5
grass,fighting,23.0
rock,dark,23.0
ice,psychic,23.0
grass,dark,23.0
grass,dragon,23.25
ice,dark,23.5
grass,psychic,24.0
ground,rock,24.25
ice,bug,24.5
grass,bug,25.0
grass,ice,25.0
ice,rock,26.0
