steel,fairy
flying,steel
dragon,steel
ghost,steel
water,steel
normal,ghost
ghost,dark
fighting,steel
ground,steel
bug,steel
poison,steel
normal,steel
poison,dark
electric,steel
ghost,fairy
fire,steel
grass,steel
psychic,steel
electric,flying
electric,ghost
dark,steel
electric,fairy
water,ghost
water,poison
poison,fairy
normal,fairy
water,fairy
normal,poison
fire,ghost
fire,fairy
water,electric
poison,ghost
dragon,fairy
normal,electric
dark,fairy
fire,water
poison,flying
normal,flying
ground,fairy
water,dragon
ghost,dragon
normal,water
electric,poison
fire,dark
fire,dragon
electric,bug
normal,fire
water,ground
fighting,ghost
poison,dragon
flying,ghost
poison,ground
ground,ghost
fire,ground
water,bug
ground,flying
normal,psychic
electric,dark
water,flying
flying,fairy
fire,flying
flying,dark
electric,fighting
fire,electric
poison,psychic
psychic,fairy
electric,dragon
fire,fighting
fire,grass
normal,ground
bug,ghost
normal,bug
grass,ghost
electric,ground
water,dark
poison,bug
normal,dragon
water,grass
fire,poison
grass,poison
bug,fairy
ice,ghost
water,fighting
rock,steel
fighting,fairy
electric,psychic
flying,rock
normal,fighting
fire,psychic
ground,bug
fighting,poison
ice,steel
fighting,flying
rock,ghost
fire,bug
electric,grass
bug,dark
water,psychic
bug,rock
ground,dark
fighting,psychic
bug,dragon
flying,psychic
flying,dragon
fighting,dark
ground,dragon
rock,fairy
electric,ice
ice,poison
normal,dark
poison,rock
water,ice
fighting,ground
grass,rock
psychic,dark
psychic,ghost
dragon,dark
grass,fairy
psychic,dragon
ground,psychic
normal,grass
water,rock
electric,rock
rock,dragon
ice,fairy
ice,ground
fighting,dragon
ice,dragon
fighting,bug
psychic,bug
fire,ice
fighting,rock
grass,ground
normal,rock
flying,bug
ice,flying
fire,rock
grass,flying
ice,fighting
psychic,rock
normal,ice
grass,fighting
rock,dark
ice,psychic
grass,dark
grass,dragon
ice,dark
grass,psychic
ground,rock
ice,bug
grass,bug
grass,ice
ice,rock
